,Category,Title
0,Activists,#1496 – Colion Noir
1,Activists,#1419 – Daryl Davis
2,Activists,#1368 – Edward Snowden
3,Activists,#1325 – Dr. Cornel West
4,Activists,#1303 – Tommy Chong
5,Activists,#1297 – Phil Demers
6,Activists,#1214 – Lawrence Lessig
7,Activists,#1076 – Phil Demers
8,Actors,#1529 – Whitney Cummings & Annie Lederman
9,Actors,#1524 – Ron Funches
10,Actors,#1523 – Joey Diaz & Brian Redban
11,Actors,#1522 – Rob Lowe
12,Actors,#1507 – Bob Saget
13,Actors,#1505 – Hannibal Buress
14,Actors,#1502 – Russell Peters
15,Actors,#1493 – Steve Schirripa & Michael Imperioli
16,Actors,#1491 – Bill Burr
17,Actors,#1490 – Jimmy O. Yang
18,Actors,#1483 – Jesus Trejo
19,Actors,#1480 – Kevin Hart
20,Actors,#1476 – Patton Oswalt
21,Actors,#1473 – Tom Papa
22,Actors,#1472 – Michael Yo
23,Actors,#1468 – Alonzo Bodden
24,Actors,#1463 – Tom Green
25,Actors,#1462 – Kurt Metzger
26,Actors,#1461 – Owen Smith
27,Actors,#1460 – Donnell Rawlings
28,Actors,#1449 – Bryan Callen
29,Actors,#1448 – Joey Diaz
30,Actors,#1440 – Fortune Feimster
31,Actors,#1438 – Andrew Santino
32,Actors,#1433 – Michael Yo
33,Actors,#1431 – Owen Smith
34,Actors,#1424 – Tom Papa
35,Actors,#1411 – Robert Downey Jr.
36,Actors,#1409 – Joey Diaz
37,Actors,#1404 – Bryan Callen
38,Actors,#1382 – RZA & Donnell Rawlings
39,Actors,#1381 – Donnell Rawlings
40,Actors,#1376 – Artie Lange
41,Actors,#1375 – Edward Norton
42,Actors,#1372 – Kevin Smith
43,Actors,#1371 – Andrew Santino
44,Actors,#1362 – Lenny Clarke
45,Actors,#1359 – Roseanne Barr
46,Actors,#1351 – Dan Akroyd
47,Actors,#1348 – Bill Burr
48,Actors,#1338 – Roy Wood Jr.
49,Actors,#1335 – Jim Gaffigan
50,Actors,#1334 – Fahim Anwar
51,Actors,#1333 – Tom Papa
52,Actors,#1331 – Alonzo Bodden
53,Actors,#1328 – Whitney Cummings
54,Actors,#1319 – Joey Diaz
55,Actors,#1317 – Andrew Santino
56,Actors,#1303 – Tommy Chong
57,Actors,#1293 – Andrew Santino
58,Actors,#1290 – Bryan Callen
59,Actors,#1289 – Eddie Izzard
60,Actors,#1283 – Russell Brand
61,Actors,#1281 – Tom Papa
62,Actors,#1278 – Kevin Hart
63,Actors,#1269 – Bryan Callen
64,Actors,#1260 – Lennox Lewis & Russell Peters
65,Actors,#1237 – Sebastian Maniscalco
66,Actors,#1210 – Tom Papa
67,Actors,#1190 – Joey Diaz
68,Actors,#1184 – Roseanne Barr
69,Actors,#1182 – Nick Kroll
70,Actors,#1165 – Tom Papa
71,Actors,#1155 – Henry Rollins
72,Actors,#1153 – Macaulay Culkin
73,Actors,#1148 – Andrew Santino
74,Actors,JRE MMA Show #36 – Brendan Schaub & Bryan Callen
75,Actors,#1146 – Jeff Garlin
76,Actors,#1140 – Joey Diaz
77,Actors,#1129 – Tom Papa
78,Actors,#1123 – Kevin Smith
79,Actors,#1092 – Mary Lynn Rajskub
80,Actors,#1088 – Bryan Callen
81,Actors,#1072 – Joey Diaz
82,Actors,#1066 – Mel Gibson & Dr. Neil Riordan
83,Actors,#1061 – Tom Papa
84,Actors,JRE MMA Show #7 – Brendan Schaub & Bryan Callen
85,Actors,#1046 – Owen Smith
86,Actors,#1045 – Bryan Callen
87,Actors,#1030 – Joey Diaz
88,Actors,#1021 – Russell Brand
89,Actors,#1011 – Tom Papa
90,Actors,"#1000 – Joey Diaz, Tom Segura"
91,Actors,#969 – Andrew Santino
92,Actors,#966 – Tom Papa
93,Actors,#927 – Tom Papa
94,Actors,"#925 – Joey Diaz, Alberto Gallazzi"
95,Actors,#908 – Leah Remini
96,Actors,#906 – Henry Rollins
97,Actors,#899 – Bryan Callen
98,Actors,#884 – Joey Diaz
99,Actors,#882 – Tom Papa
100,Actors,#861 – Bryan Callen
101,Actors,#848 – Bryan Callen
102,Adventurers,#1518 – David Choe
103,Adventurers,#1515 – Dr. Bradley Garrett
104,Adventurers,#1499 – Aron Snyder
105,Adventurers,#1482 – Jordan Jonas
106,Adventurers,#1429 – Colin O’Brady
107,Adventurers,#1410 – Ash Dykes
108,Adventurers,#1403 – Forrest Galante
109,Adventurers,#1395 – Glenn Villeneuve
110,Adventurers,#1341 – Steven Rinella
111,Adventurers,#1244 – Colin O’Brady
112,Adventurers,#1240 – Forrest Galante
113,Adventurers,#1204 – Steven Rinella
114,Adventurers,#1200 – Ross Edgley
115,Adventurers,#1189 – Alex Honnold
116,Adventurers,#1162 – Valentine Thomas
117,Adventurers,#1122 – Donnie Vincent
118,Adventurers,#1028 – Adam Greentree
119,Adventurers,"#977 – Jeff Evans, Bud Brutsman"
120,Adventurers,#971 – Steven Rinella
121,Adventurers,#879 – Steven Rinella
122,Adventurers,#865 – Wim Hof
123,AI,#1455 – Lex Fridman
124,AI,#1422 – Lex Fridman
125,AI,#1350 – Nick Bostrom
126,AI,#1292 – Lex Fridman
127,AI,#1211 – Dr. Ben Goertzel
128,AI,#1188 – Lex Fridman
129,Artists,#1518 – David Choe
130,Artists,#1417 – Kevin Ross
131,Artists,#1377 – Rick Baker
132,Athletes,JRE MMA Show #97 – Henry Cejudo
133,Athletes,#1477 – Tony Hawk
134,Athletes,#1429 – Colin O’Brady
135,Athletes,#1417 – Kevin Ross
136,Athletes,#1416 – Rob Kearney
137,Athletes,#1410 – Ash Dykes
138,Athletes,#1392 – Zach Bitter
139,Athletes,JRE MMA Show #81 – Dave Leduc
140,Athletes,JRE MMA Show #80 – Evander Holyfield
141,Athletes,JRE MMA Show #79 – Vinny Shoreman & Liam Harrison
142,Athletes,JRE MMA Show #78 – Andre Ward
143,Athletes,JRE MMA Show #77 – Cedric Doumbe
144,Athletes,JRE MMA Show #76 – Terence Crawford
145,Athletes,JRE MMA Show #72 – Andy Ruiz
146,Athletes,JRE MMA Show #71 – Rico Verhoeven
147,Athletes,#1321 – Robert Oberst
148,Athletes,#1301 – Laird Hamilton
149,Athletes,#1277 – Gabrielle Reece
150,Athletes,#1244 – Colin O’Brady
151,Athletes,#1235 – Ben Greenfield
152,Athletes,#1227 – Mike Tyson
153,Athletes,JRE MMA Show #51 – Deontay Wilder
154,Athletes,#1212 – David Goggins
155,Athletes,#1189 – Alex Honnold
156,Athletes,JRE MMA Show #47 – Tyson Fury
157,Athletes,#1120 – Ben Greenfield
158,Athletes,#1110 – Zach Bitter
159,Athletes,#1069 – Ben Greenfield
160,Athletes,#928 – Arian Foster
161,Athletes,#900 – Joseph Valtellini
162,Boxers,JRE MMA Show #80 – Evander Holyfield
163,Boxers,JRE MMA Show #78 – Andre Ward
164,Boxers,JRE MMA Show #76 – Terence Crawford
165,Boxers,JRE MMA Show #72 – Andy Ruiz
166,Boxers,#1260 – Lennox Lewis & Russell Peters
167,Boxers,#1227 – Mike Tyson
168,Boxers,JRE MMA Show #55 – Kelly Pavlik
169,Boxers,JRE MMA Show #51 – Deontay Wilder
170,Boxers,JRE MMA Show #47 – Tyson Fury
171,Kickboxers,#1497 – Joe Schilling
172,Kickboxers,#1417 – Kevin Ross
173,Kickboxers,JRE MMA Show #82 – Israel Adesanya
174,Kickboxers,JRE MMA Show #79 – Vinny Shoreman & Liam Harrison
175,Kickboxers,JRE MMA Show #77 – Cedric Doumbe
176,Kickboxers,JRE MMA Show #71 – Rico Verhoeven
177,Kickboxers,JRE MMA Show #13 – Rose Namajunas & Pat Barry
178,Kickboxers,#900 – Joseph Valtellini
179,Kickboxers,"#864 – Kevin Ross, Gaston Bolanos"
180,Mixed Martial Artists,#1503 – Josh Barnett
181,Mixed Martial Artists,#1497 – Joe Schilling
182,Mixed Martial Artists,JRE MMA Show #97 – Henry Cejudo
183,Mixed Martial Artists,JRE MMA #96 – Justin Gaethje & Trevor Wittman
184,Mixed Martial Artists,"Fight Companion – May 16, 2020"
185,Mixed Martial Artists,JRE MMA #95 – Brendan Schaub
186,Mixed Martial Artists,JRE MMA Show #94 – Brendan Schaub
187,Mixed Martial Artists,"Fight Companion – March 14, 2020"
188,Mixed Martial Artists,JRE MMA Show #93 – Alexander Volkanovski
189,Mixed Martial Artists,"Fight Companion – February 22, 2020"
190,Mixed Martial Artists,JRE MMA Show #92 – Angela Hill
191,Mixed Martial Artists,JRE MMA Show #90 – Rashad Evans
192,Mixed Martial Artists,JRE MMA Show #89 – Rafael Lovato Jr
193,Mixed Martial Artists,JRE MMA Show #88 – Frankie Edgar
194,Mixed Martial Artists,JRE MMA Show #87 – Kamaru Usman
195,Mixed Martial Artists,JRE MMA Show #86 – Josh Thomson
196,Mixed Martial Artists,"Fight Companion – January 9, 2020"
197,Mixed Martial Artists,JRE MMA Show #85 – Max Holloway
198,Mixed Martial Artists,#1393 – James Wilks & Chris Kresser – The Game Changers Debate
199,Mixed Martial Artists,JRE MMA Show #84 – Brendan Schaub
200,Mixed Martial Artists,JRE MMA Show #82 – Israel Adesanya
201,Mixed Martial Artists,#1374 – Justin Wren
202,Mixed Martial Artists,JRE MMA Show #81 – Dave Leduc
203,Mixed Martial Artists,Fight Companion – UFC 242
204,Mixed Martial Artists,JRE MMA Show #75 – Dan Hardy
205,Mixed Martial Artists,JRE MMA Show #74 – Brendan Schaub
206,Mixed Martial Artists,JRE MMA Show #70 – Aljamain Sterling
207,Mixed Martial Artists,#1304 – Brendan Schaub
208,Mixed Martial Artists,JRE MMA Show #65 – Corey Anderson
209,Mixed Martial Artists,JRE MMA Show #64 – Khalil Rountree Jr.
210,Mixed Martial Artists,"JRE MMA Show #60 – Forrest Griffin, Clint Wattenberg & Dr. Duncan French"
211,Mixed Martial Artists,Fight Companion – UFC on ESPN 1
212,Mixed Martial Artists,JRE MMA Show #50 – Yves Edwards
213,Mixed Martial Artists,Fight Companion – UFC Fight Night 141
214,Mixed Martial Artists,Fight Companion – UFC Fight Night 139
215,Mixed Martial Artists,JRE MMA Show #45 – Justin Wren & Rafael Lovato Jr.
216,Mixed Martial Artists,JRE MMA Show #43 – Brendan Schaub
217,Mixed Martial Artists,JRE MMA Show #36 – Brendan Schaub & Bryan Callen
218,Mixed Martial Artists,JRE MMA Show #34 – Josh Barnett
219,Mixed Martial Artists,#1132 – Kyle Kingsbury
220,Mixed Martial Artists,JRE MMA Show #30 – Sean O’Malley & Tim Welch
221,Mixed Martial Artists,Fight Companion – UFC Fight Night 130
222,Mixed Martial Artists,JRE MMA Show #28 – Georges St-Pierre
223,Mixed Martial Artists,JRE MMA Show #27 – Robin Black
224,Mixed Martial Artists,JRE MMA Show #25 – Michael Chandler
225,Mixed Martial Artists,JRE MMA Show #24 – Kevin Lee
226,Mixed Martial Artists,JRE MMA Show #22 – Bas Rutten
227,Mixed Martial Artists,JRE MMA Show #21 – Brendan Schaub
228,Mixed Martial Artists,JRE MMA Show #18 – Pat Miletich
229,Mixed Martial Artists,JRE MMA Show #14 – Matt Brown
230,Mixed Martial Artists,JRE MMA Show #13 – Rose Namajunas & Pat Barry
231,Mixed Martial Artists,JRE MMA Show #12 – Ben Askren
232,Mixed Martial Artists,JRE MMA Show #7 – Brendan Schaub & Bryan Callen
233,Mixed Martial Artists,JRE MMA Show #4 – Justin Wren
234,Mixed Martial Artists,#1012 – Brendan Schaub
235,Mixed Martial Artists,"#948 – Brendan Schaub, Eddie Bravo"
236,Mixed Martial Artists,#937 – Justin Wren
237,Mixed Martial Artists,#916 – Fight Recap
238,Mixed Martial Artists,"#890 – Fight Breakdown w/ Eddie Bravo, Brendan Schaub"
239,Mixed Martial Artists,"#864 – Kevin Ross, Gaston Bolanos"
240,Powerlifters,#1291 – C.T. Fletcher
241,Powerlifters,#1176 – Dom D’Agostino & Dr. Layne Norton
242,Powerlifters,#1101 – Chris & Mark Bell
243,Rock Climbers,#1189 – Alex Honnold
244,Strongmen,#1416 – Rob Kearney
245,Strongmen,#1321 – Robert Oberst
246,Surfers,#1301 – Laird Hamilton
247,Surfers,#1193 – Shane Dorian
248,Triathletes,#1235 – Ben Greenfield
249,Triathletes,#1212 – David Goggins
250,Triathletes,#1152 – John Joseph
251,Triathletes,#1120 – Ben Greenfield
252,Triathletes,#1069 – Ben Greenfield
253,Ultramarathon Runners,#1392 – Zach Bitter
254,Ultramarathon Runners,#1365 – Cameron Hanes
255,Ultramarathon Runners,#1289 – Eddie Izzard
256,Ultramarathon Runners,#1212 – David Goggins
257,Ultramarathon Runners,#1110 – Zach Bitter
258,Ultramarathon Runners,#1074 – Cameron Hanes
259,Ultramarathon Runners,#1013 – Cameron Hanes
260,Ultramarathon Runners,#957 – Cameron Hanes
261,Ultramarathon Runners,"#944 – Scott Eastwood, Cameron Hanes"
262,Authors,#1515 – Dr. Bradley Garrett
263,Authors,#1514 – Joe De Sena
264,Authors,#1512 – Ben Shapiro
265,Authors,#1510 – George Knapp & Jeremy Corbell
266,Authors,#1509 – Abigail Shrier
267,Authors,#1508 – Peter Schiff
268,Authors,#1506 – James Nestor
269,Authors,#1504 – Alan Levinovitz
270,Authors,#1501 – James Lindsay
271,Authors,#1500 – Barbara Freese
272,Authors,#1492 – Jocko Willink
273,Authors,#1478 – Joel Salatin
274,Authors,#1467 – Jack Carr
275,Authors,#1459 – Tom O’Neill
276,Authors,#1456 – Michael Shermer
277,Authors,#1451 – Dr. Peter Hotez
278,Authors,#1439 – Michael Osterholm
279,Authors,#1437 – Stephen Dubner
280,Authors,#1428 – Brian Greene
281,Authors,#1421 – Jim Norton
282,Authors,#1419 – Daryl Davis
283,Authors,#1417 – Kevin Ross
284,Authors,#1407 – Michael Malice
285,Authors,#1397 – S.C. Gwynne
286,Authors,#1391 – Tulsi Gabbard & Jocko Willink
287,Authors,#1386 – Matt Taibbi
288,Authors,#1385 – Paul Stamets
289,Authors,#1383 – Malcolm Gladwell
290,Authors,#1379 – Ben Westhoff
291,Authors,#1370 – Brian Grazer
292,Authors,#1369 – Christopher Ryan
293,Authors,#1366 – Richard Dawkins
294,Authors,#1350 – Nick Bostrom
295,Authors,#1347 – Neil deGrasse Tyson
296,Authors,#1344 – Joseph LeDoux
297,Authors,#1343 – Penn Jillette
298,Authors,#1341 – Steven Rinella
299,Authors,#1340 – John Nores
300,Authors,#1300 – Michael Malice
301,Authors,#1299 – Annie Jacobsen
302,Authors,#1294 – Jamie Metzl
303,Authors,#1284 – Graham Hancock
304,Authors,#1283 – Russell Brand
305,Authors,#1276 – Ben Shapiro
306,Authors,#1267 – Gary Taubes & Stephan Guyenet
307,Authors,#1264 – Timothy Denevi
308,Authors,#1261 – Peter Hotez
309,Authors,#1259 – David Wallace-Wells
310,Authors,#1253 – Ioan Grillo
311,Authors,#1250 – Johann Hari
312,Authors,#1246 – Alex Berenson & Dr. Michael Hart
313,Authors,#1222 – Michael Shermer
314,Authors,#1221 – Jonathan Haidt
315,Authors,#1214 – Lawrence Lessig
316,Authors,#1213 – Dr. Andrew Weil
317,Authors,#1204 – Steven Rinella
318,Authors,#1197 – Michael Malice
319,Authors,#1171 – Nick Yarris
320,Authors,#1159 – Neil deGrasse Tyson
321,Authors,#1158 – Chuck Palahniuk
322,Authors,#1155 – Henry Rollins
323,Authors,#1149 – Michael Scott Moore
324,Authors,#1145 – Peter Schiff
325,Authors,#1130 – Adam Frank
326,Authors,#1127 – Jesse Itzler
327,Authors,#1121 – Michael Pollan
328,Authors,#1119 – Howard Bloom
329,Authors,#1114 – Matt Taibbi
330,Authors,#1099 – Christopher Ryan
331,Authors,#1095 – T.J. English & Joey Diaz
332,Authors,#1084 – Douglas Murray
333,Authors,#1077 – Johann Hari
334,Authors,#1073 – Steven Pinker
335,Authors,#1068 – Michael Shermer
336,Authors,#1058 – Nina Teicholz
337,Authors,#1051 – Duncan Trussell & Christopher Ryan
338,Authors,#1035 – Paul Stamets
339,Authors,#1034 – Sebastian Junger
340,Authors,#1021 – Russell Brand
341,Authors,#1020 – Amy Alkon
342,Authors,#1017 – Jim Norton
343,Authors,#995 – Jon Ronson
344,Authors,#993 – Ben Shapiro
345,Authors,#975 – Sebastian Junger
346,Authors,#971 – Steven Rinella
347,Authors,#963 – Michael Malice
348,Authors,#962 – Jocko Willink
349,Authors,"#961 – Graham Hancock, Randall Carlson, Michael Shermer"
350,Authors,#942 – Dan Flores
351,Authors,#931 – Jim Norton
352,Authors,#919 – Neil deGrasse Tyson
353,Authors,#913 – Christopher Ryan
354,Authors,#906 – Henry Rollins
355,Authors,#904 – Gary Taubes
356,Authors,#879 – Steven Rinella
357,Authors,#873 – Steven Kotler
358,Authors,"#872 – Graham Hancock, Randall Carlson"
359,Authors,#866 – Christine Hassler
360,Authors,#852 – John Anthony West
361,Authors,#846 – Michael Shermer
362,Billionaires,#1470 – Elon Musk
363,Billionaires,#1309 – Naval Ravikant
364,Billionaires,"#1258 – Jack Dorsey, Vijaya Gadde & Tim Pool"
365,Billionaires,#1169 – Elon Musk
366,Billionaires,#1127 – Jesse Itzler
367,Bodybuilders,#1489 – Ronnie Coleman
368,Bodybuilders,#1291 – C.T. Fletcher
369,Bodybuilders,#1235 – Ben Greenfield
370,Bodybuilders,#1176 – Dom D’Agostino & Dr. Layne Norton
371,Bodybuilders,#1120 – Ben Greenfield
372,Bodybuilders,#1069 – Ben Greenfield
373,Bodybuilders,#989 – Dorian Yates
374,Brazilian Jiu-Jitsu,#1492 – Jocko Willink
375,Brazilian Jiu-Jitsu,"Fight Companion – May 16, 2020"
376,Brazilian Jiu-Jitsu,"Fight Companion – March 14, 2020"
377,Brazilian Jiu-Jitsu,"Fight Companion – February 22, 2020"
378,Brazilian Jiu-Jitsu,"Fight Companion – January 9, 2020"
379,Brazilian Jiu-Jitsu,JRE MMA Show #83 – Firas Zahabi
380,Brazilian Jiu-Jitsu,Fight Companion – UFC 242
381,Brazilian Jiu-Jitsu,JRE MMA Show #73 – Jean Jacques Machado
382,Brazilian Jiu-Jitsu,#1308 – Eddie Bravo
383,Brazilian Jiu-Jitsu,#1283 – Russell Brand
384,Brazilian Jiu-Jitsu,#1255 – Alex Jones Returns!
385,Brazilian Jiu-Jitsu,Fight Companion – UFC on ESPN 1
386,Brazilian Jiu-Jitsu,Fight Companion – UFC Fight Night 141
387,Brazilian Jiu-Jitsu,Fight Companion – UFC Fight Night 139
388,Brazilian Jiu-Jitsu,JRE MMA Show #40 – Eddie Bravo
389,Brazilian Jiu-Jitsu,JRE MMA Show #32 – Firas Zahabi
390,Brazilian Jiu-Jitsu,Fight Companion – UFC Fight Night 130
391,Brazilian Jiu-Jitsu,JRE MMA Show #11 – John Danaher
392,Brazilian Jiu-Jitsu,Fight Companion – UFC Fight Night 124
393,Brazilian Jiu-Jitsu,JRE MMA Show #6 – Eddie Bravo
394,Brazilian Jiu-Jitsu,#1021 – Russell Brand
395,Brazilian Jiu-Jitsu,#991 – Eddie Bravo
396,Brazilian Jiu-Jitsu,#986 – Maynard James Keenan
397,Brazilian Jiu-Jitsu,#956 – Guy Ritchie
398,Brazilian Jiu-Jitsu,"#948 – Brendan Schaub, Eddie Bravo"
399,Brazilian Jiu-Jitsu,#916 – Fight Recap
400,Brazilian Jiu-Jitsu,"#890 – Fight Breakdown w/ Eddie Bravo, Brendan Schaub"
401,Brazilian Jiu-Jitsu,#138 – Anthony Bourdain
402,Car Enthusiasts,#1443 – Jonathan Ward
403,Car Enthusiasts,#1394 – Matt Farah
404,Car Enthusiasts,#1287 – Rich Benoit
405,Car Enthusiasts,#1102 – Matt Farah
406,CEOs,#1521 – Josh Dubin & Jason Flom
407,CEOs,#1514 – Joe De Sena
408,CEOs,#1508 – Peter Schiff
409,CEOs,#1487 – Janet Zuccarini & Evan Funke
410,CEOs,#1470 – Elon Musk
411,CEOs,#1443 – Jonathan Ward
412,CEOs,#1402 – Boyan Slat
413,CEOs,#1309 – Naval Ravikant
414,CEOs,"#1258 – Jack Dorsey, Vijaya Gadde & Tim Pool"
415,CEOs,#1248 – Bill Ottman
416,CEOs,#1245 – Andrew Yang
417,CEOs,#1211 – Dr. Ben Goertzel
418,CEOs,#1169 – Elon Musk
419,CEOs,#1145 – Peter Schiff
420,CEOs,#999 – Tom Bilyeu
421,CEOs,#905 – Shane Smith
422,CEOs,#878 – Aubrey Marcus
423,Chefs,#1487 – Janet Zuccarini & Evan Funke
424,Chefs,#1469 – Adam Perry Lang
425,Chefs,#1202 – Fred Morin & David McMillan
426,Chefs,#1064 – Eddie Huang & Jessica Rosenworcel
427,Chefs,#886 – Hank Shaw
428,Chefs,#138 – Anthony Bourdain
429,Comedians,#1530 – Duncan Trussell
430,Comedians,#1529 – Whitney Cummings & Annie Lederman
431,Comedians,#1528 – Nikki Glaser
432,Comedians,#1526 – Ali Macofsky
433,Comedians,#1525 – Tim Dillon
434,Comedians,#1524 – Ron Funches
435,Comedians,#1523 – Joey Diaz & Brian Redban
436,Comedians,#1507 – Bob Saget
437,Comedians,"Fight Companion – July 11, 2020"
438,Comedians,#1505 – Hannibal Buress
439,Comedians,#1502 – Russell Peters
440,Comedians,#1498 – Jon Stewart
441,Comedians,#1495 – Kyle Dunnigan
442,Comedians,#1491 – Bill Burr
443,Comedians,#1490 – Jimmy O. Yang
444,Comedians,#1488 – Andrew Schulz
445,Comedians,#1484 – Reggie Watts
446,Comedians,#1483 – Jesus Trejo
447,Comedians,#1480 – Kevin Hart
448,Comedians,#1476 – Patton Oswalt
449,Comedians,#1475 – Bridget Phetasy
450,Comedians,#1473 – Tom Papa
451,Comedians,#1472 – Michael Yo
452,Comedians,JRE MMA #95 – Brendan Schaub
453,Comedians,#1471 – Tony Hinchcliffe
454,Comedians,#1468 – Alonzo Bodden
455,Comedians,#1466 – Jessimae Peluso
456,Comedians,#1464 – Duncan Trussell
457,Comedians,#1463 – Tom Green
458,Comedians,#1462 – Kurt Metzger
459,Comedians,#1461 – Owen Smith
460,Comedians,#1460 – Donnell Rawlings
461,Comedians,#1458 – Chris D’Elia
462,Comedians,#1457 – Tim Dillon
463,Comedians,JRE MMA Show #94 – Brendan Schaub
464,Comedians,#1452 – Greg Fitzsimmons
465,Comedians,#1450 – Brian Redban
466,Comedians,#1449 – Bryan Callen
467,Comedians,#1448 – Joey Diaz
468,Comedians,#1447 – Tom Segura
469,Comedians,#1446 – Bert Kreischer
470,Comedians,#1444 – Duncan Trussell
471,Comedians,#1440 – Fortune Feimster
472,Comedians,#1438 – Andrew Santino
473,Comedians,#1433 – Michael Yo
474,Comedians,#1431 – Owen Smith
475,Comedians,#1426 – Justin Martindale
476,Comedians,#1424 – Tom Papa
477,Comedians,#1423 – Andrew Doyle
478,Comedians,#1421 – Jim Norton
479,Comedians,#1420 – Mark Normand
480,Comedians,#1418 – Don Gavin
481,Comedians,#1413 – Bill Maher
482,Comedians,#1412 – Jimmy Dore
483,Comedians,#1409 – Joey Diaz
484,Comedians,#1406 – Brian Redban
485,Comedians,#1405 – Sober October 3 Recap
486,Comedians,#1404 – Bryan Callen
487,Comedians,#1401 – Iliza Shlesinger
488,Comedians,#1400 – Tony Hinchcliffe
489,Comedians,#1398 – Lil Duval
490,Comedians,#1396 – Michelle Wolf
491,Comedians,JRE MMA Show #84 – Brendan Schaub
492,Comedians,#1390 – Tim Dillon
493,Comedians,#1384 – Ari Shaffir
494,Comedians,#1382 – RZA & Donnell Rawlings
495,Comedians,#1381 – Donnell Rawlings
496,Comedians,#1380 – Pete Dominick
497,Comedians,#1378 – Greg Fitzsimmons
498,Comedians,#1376 – Artie Lange
499,Comedians,#1371 – Andrew Santino
500,Comedians,#1367 – Bridget Phetasy
501,Comedians,#1364 – Brian Redban
502,Comedians,#1362 – Lenny Clarke
503,Comedians,#1360 – Nikki Glaser
504,Comedians,#1359 – Roseanne Barr
505,Comedians,#1358 – Sober October 3
506,Comedians,#1357 – Ari Shaffir
507,Comedians,#1355 – Mark Normand
508,Comedians,#1351 – Dan Akroyd
509,Comedians,#1348 – Bill Burr
510,Comedians,#1338 – Roy Wood Jr.
511,Comedians,#1336 – Legion of Skanks
512,Comedians,#1335 – Jim Gaffigan
513,Comedians,#1334 – Fahim Anwar
514,Comedians,#1333 – Tom Papa
515,Comedians,JRE MMA Show #74 – Brendan Schaub
516,Comedians,#1332 – Annie Lederman
517,Comedians,#1331 – Alonzo Bodden
518,Comedians,#1329 – Brian Moses
519,Comedians,#1328 – Whitney Cummings
520,Comedians,#1324 – Ian Edwards
521,Comedians,#1322 – Reggie Watts
522,Comedians,#1319 – Joey Diaz
523,Comedians,#1317 – Andrew Santino
524,Comedians,#1314 – Charlamagne tha God & Andrew Schulz
525,Comedians,#1313 – Duncan Trussell
526,Comedians,#1312 – Ms. Pat
527,Comedians,#1307 – Greg Fitzsimmons
528,Comedians,#1304 – Brendan Schaub
529,Comedians,#1303 – Tommy Chong
530,Comedians,#1298 – Neal Brennan
531,Comedians,#1296 – Joe List
532,Comedians,#1293 – Andrew Santino
533,Comedians,#1290 – Bryan Callen
534,Comedians,#1289 – Eddie Izzard
535,Comedians,#1286 – Anthony Jeselnik
536,Comedians,#1283 – Russell Brand
537,Comedians,#1282 – Adam Conover
538,Comedians,#1281 – Tom Papa
539,Comedians,#1279 – Jessimae Peluso
540,Comedians,#1278 – Kevin Hart
541,Comedians,#1275 – Luis J. Gomez
542,Comedians,#1273 – Ron Funches
543,Comedians,#1270 – Lenny Clarke
544,Comedians,#1269 – Bryan Callen
545,Comedians,#1265 – Andrew Schulz
546,Comedians,#1260 – Lennox Lewis & Russell Peters
547,Comedians,#1257 – Steve Sweeney
548,Comedians,#1252 – Dave Foley & Paul Greenberg
549,Comedians,#1251 – Tim Dillon
550,Comedians,#1238 – Brian Redban
551,Comedians,#1237 – Sebastian Maniscalco
552,Comedians,#1232 – Nick Di Paolo
553,Comedians,#1231 – Matt Braunger
554,Comedians,#1225 – Theo Von
555,Comedians,#1223 – Greg Fitzsimmons
556,Comedians,#1219 – Bill Burr
557,Comedians,#1217 – Nimesh Patel
558,Comedians,#1210 – Tom Papa
559,Comedians,#1207 – Jeff Ross & Dave Attell
560,Comedians,#1206 – Mike Ward & Pantelis
561,Comedians,#1199 – Tom Segura & Sean Anders
562,Comedians,#1195 – Christina Pazsitzky
563,Comedians,#1192 – Tony Hinchcliffe
564,Comedians,#1190 – Joey Diaz
565,Comedians,JRE MMA Show #46 – Ari Shaffir
566,Comedians,#1184 – Roseanne Barr
567,Comedians,#1182 – Nick Kroll
568,Comedians,#1179 – Nikki Glaser
569,Comedians,JRE MMA Show #43 – Brendan Schaub
570,Comedians,#1165 – Tom Papa
571,Comedians,#1161 – Jerrod Carmichael & Jamar Neighbors
572,Comedians,#1156 – Jimmy Dore
573,Comedians,#1150 – Felipe Esparza
574,Comedians,#1148 – Andrew Santino
575,Comedians,JRE MMA Show #36 – Brendan Schaub & Bryan Callen
576,Comedians,#1146 – Jeff Garlin
577,Comedians,#1144 – Doug Stanhope
578,Comedians,#1141 – Theo Von
579,Comedians,#1140 – Joey Diaz
580,Comedians,#1137 – Duncan Trussell
581,Comedians,#1135 – Ari Shaffir
582,Comedians,#1134 – Kyle Dunnigan
583,Comedians,#1129 – Tom Papa
584,Comedians,#1128 – Ryan Sickler
585,Comedians,#1118 – Theo Von
586,Comedians,#1113 – Brian Redban
587,Comedians,#1103 – Tom Segura
588,Comedians,JRE MMA Show #21 – Brendan Schaub
589,Comedians,#1096 – Todd Glass
590,Comedians,#1095 – T.J. English & Joey Diaz
591,Comedians,#1094 – Brian Redban
592,Comedians,#1093 – Owen Benjamin & Kurt Metzger
593,Comedians,#1092 – Mary Lynn Rajskub
594,Comedians,#1088 – Bryan Callen
595,Comedians,#1086 – Rory Albanese
596,Comedians,#1082 – Greg Fitzsimmons
597,Comedians,#1079 – Tony Hinchcliffe
598,Comedians,#1078 – Jimmy Dore
599,Comedians,#1075 – Duncan Trussell
600,Comedians,#1072 – Joey Diaz
601,Comedians,#1067 – Whitney Cummings
602,Comedians,#1063 – Tom Segura
603,Comedians,#1061 – Tom Papa
604,Comedians,#1059 – Brian Redban
605,Comedians,#1057 – Eddie Pepitone
606,Comedians,JRE MMA Show #7 – Brendan Schaub & Bryan Callen
607,Comedians,#1053 – Neal Brennan
608,Comedians,#1051 – Duncan Trussell & Christopher Ryan
609,Comedians,#1048 – Doug Stanhope
610,Comedians,#1046 – Owen Smith
611,Comedians,#1045 – Bryan Callen
612,Comedians,#1043 – Brian Redban
613,Comedians,#1042 – Krystyna Hutchinson & Corinne Fisher
614,Comedians,#1039 – Iliza Shlesinger
615,Comedians,"#1036 – Ari Shaffir, Bert Kreischer & Tom Segura"
616,Comedians,#1033 – Owen Benjamin
617,Comedians,#1031 – Jamie Kilstein
618,Comedians,#1030 – Joey Diaz
619,Comedians,#1026 – Brian Redban
620,Comedians,#1025 – Greg Fitzsimmons
621,Comedians,#1024 – Bert Kreischer
622,Comedians,#1023 – Christina Pazsitzky
623,Comedians,#1021 – Russell Brand
624,Comedians,#1018 – Alonzo Bodden
625,Comedians,#1017 – Jim Norton
626,Comedians,#1016 – Whitney Cummings
627,Comedians,#1015 – Reggie Watts
628,Comedians,#1014 – Dave Smith
629,Debates,#1267 – Gary Taubes & Stephan Guyenet
630,Debates,#1246 – Alex Berenson & Dr. Michael Hart
631,Debates,#1176 – Dom D’Agostino & Dr. Layne Norton
632,Debates,#1175 – Chris Kresser & Dr. Joel Kahn
633,Debates,"#961 – Graham Hancock, Randall Carlson, Michael Shermer"
634,Directors,#1511 – Oliver Stone
635,Directors,#1498 – Jon Stewart
636,Directors,#1382 – RZA & Donnell Rawlings
637,Directors,#1375 – Edward Norton
638,Directors,#1372 – Kevin Smith
639,Directors,#1353 – Rob Zombie
640,Directors,#1298 – Neal Brennan
641,Directors,#1146 – Jeff Garlin
642,Directors,#1123 – Kevin Smith
643,Directors,#1053 – Neal Brennan
644,Directors,#956 – Guy Ritchie
645,Documentary Filmmakers,#1511 – Oliver Stone
646,Documentary Filmmakers,#1510 – George Knapp & Jeremy Corbell
647,Documentary Filmmakers,#1388 – Louie Psihoyos
648,Documentary Filmmakers,#1361 – Cmdr. David Fravor & Jeremy Corbell
649,Documentary Filmmakers,JRE MMA Show #68 – Will Harris
650,Documentary Filmmakers,#1315 – Bob Lazar & Jeremy Corbell
651,Documentary Filmmakers,#1271 – Billy Corben
652,Documentary Filmmakers,#1266 – Ben Anderson
653,Documentary Filmmakers,#1172 – Morgan Fallon
654,Documentary Filmmakers,#1122 – Donnie Vincent
655,Documentary Filmmakers,#1101 – Chris & Mark Bell
656,Documentary Filmmakers,#1034 – Sebastian Junger
657,Documentary Filmmakers,#1019 – Bryan Fogel
658,Documentary Filmmakers,#975 – Sebastian Junger
659,Documentary Filmmakers,#951 – Dan Doty
660,Entrepreneurs,#1514 – Joe De Sena
661,Entrepreneurs,JRE MMA #96 – Justin Gaethje & Trevor Wittman
662,Entrepreneurs,#1477 – Tony Hawk
663,Entrepreneurs,#1470 – Elon Musk
664,Entrepreneurs,#1436 – Adam Curry
665,Entrepreneurs,#1402 – Boyan Slat
666,Entrepreneurs,#1326 – Maynard James Keenan
667,Entrepreneurs,#1318 – Hotep Jesus
668,Entrepreneurs,#1309 – Naval Ravikant
669,Entrepreneurs,#1245 – Andrew Yang
670,Entrepreneurs,#1169 – Elon Musk
671,Entrepreneurs,#999 – Tom Bilyeu
672,Entrepreneurs,#878 – Aubrey Marcus
673,Fight Companions,"Fight Companion – May 16, 2020"
674,Fight Companions,"Fight Companion – March 14, 2020"
675,Fight Companions,"Fight Companion – February 22, 2020"
676,Fight Companions,"Fight Companion – January 9, 2020"
677,Fight Companions,Fight Companion – UFC 242
678,Fight Companions,Fight Companion – UFC on ESPN 1
679,Fight Companions,Fight Companion – UFC Fight Night 141
680,Fight Companions,Fight Companion – UFC Fight Night 139
681,Fight Companions,Fight Companion – UFC Fight Night 130
682,Fight Companions,Fight Companion – UFC Fight Night 124
683,Fight Companions,Fight Companion – UFC Fight Night 118
684,Fight Companions,Fight Companion – UFC Fight Night 116
685,Fight Companions,Fight Companion – UFC Fight Night 115
686,Fight Companions,Fight Companion – UFC 212
687,Fight Companions,Fight Companion – UFC Fight Night 109
688,Fight Companions,Fight Companion – UFC Fight Night 106
689,Health & Fitness,#1514 – Joe De Sena
690,Health & Fitness,#1474 – Dr. Rhonda Patrick
691,Health & Fitness,#1399 – Pavel Tsatsouline
692,Health & Fitness,#1393 – James Wilks & Chris Kresser – The Game Changers Debate
693,Health & Fitness,#1389 – Chris Kresser
694,Health & Fitness,#1301 – Laird Hamilton
695,Health & Fitness,#1277 – Gabrielle Reece
696,Health & Fitness,#1267 – Gary Taubes & Stephan Guyenet
697,Health & Fitness,#1262 – Pat McNamara
698,Health & Fitness,#1235 – Ben Greenfield
699,Health & Fitness,#1213 – Dr. Andrew Weil
700,Health & Fitness,#1212 – David Goggins
701,Health & Fitness,#1200 – Ross Edgley
702,Health & Fitness,#1178 – Dr. Rhonda Patrick
703,Health & Fitness,#1176 – Dom D’Agostino & Dr. Layne Norton
704,Health & Fitness,#1175 – Chris Kresser & Dr. Joel Kahn
705,Health & Fitness,#1166 – Diamond Dallas Page
706,Health & Fitness,#1164 – Mikhaila Peterson
707,Health & Fitness,#1132 – Kyle Kingsbury
708,Health & Fitness,#1120 – Ben Greenfield
709,Health & Fitness,#1108 – Peter Attia
710,Health & Fitness,#1101 – Chris & Mark Bell
711,Health & Fitness,#1069 – Ben Greenfield
712,Health & Fitness,#1066 – Mel Gibson & Dr. Neil Riordan
713,Health & Fitness,#1050 – Dr. Shawn Baker
714,Health & Fitness,#1037 – Chris Kresser
715,Health & Fitness,#994 – Dom D’Agostino
716,Health & Fitness,#935 – Robb Wolf
717,Health & Fitness,"#925 – Joey Diaz, Alberto Gallazzi"
718,Health & Fitness,#904 – Gary Taubes
719,Health & Fitness,#901 – Dr. Rhonda Patrick
720,Health & Fitness,#842 – Chris Kresser
721,Historians,#1397 – S.C. Gwynne
722,Historians,#1272 – Lindsey Fitzharris
723,Historians,#1091 – Daniele Bolelli
724,Historians,#1041 – Dan Carlin
725,Historians,#952 – Thaddeus Russell
726,Historians,#942 – Dan Flores
727,Historians,#847 – Dan Carlin
728,Hunters,#1499 – Aron Snyder
729,Hunters,#1482 – Jordan Jonas
730,Hunters,#1445 – Andy Stumpf
731,Hunters,#1434 – Trevor Thompson
732,Hunters,#1395 – Glenn Villeneuve
733,Hunters,#1365 – Cameron Hanes
734,Hunters,#1341 – Steven Rinella
735,Hunters,#1340 – John Nores
736,Hunters,JRE MMA Show #65 – Corey Anderson
737,Hunters,#1262 – Pat McNamara
738,Hunters,#1247 – Andy Stumpf
739,Hunters,#1215 – Ben O’Brien
740,Hunters,#1204 – Steven Rinella
741,Hunters,#1193 – Shane Dorian
742,Hunters,#1181 – John Dudley
743,Hunters,#1162 – Valentine Thomas
744,Hunters,#1138 – Ted Nugent
745,Hunters,#1122 – Donnie Vincent
746,Hunters,#1105 – Michael Hunter
747,Hunters,#1089 – John Dudley
748,Hunters,#1074 – Cameron Hanes
749,Hunters,#1047 – Andy Stumpf
750,Hunters,#1028 – Adam Greentree
751,Hunters,#1013 – Cameron Hanes
752,Hunters,#987 – Ben O’Brien
753,Hunters,#971 – Steven Rinella
754,Hunters,#957 – Cameron Hanes
755,Hunters,"#944 – Scott Eastwood, Cameron Hanes"
756,Hunters,#934 – John Dudley
757,Hunters,#886 – Hank Shaw
758,Hunters,#879 – Steven Rinella
759,Intellectual Dark Web,#1520 – Debra Soh
760,Intellectual Dark Web,#1512 – Ben Shapiro
761,Intellectual Dark Web,#1494 – Bret Weinstein
762,Intellectual Dark Web,#1456 – Michael Shermer
763,Intellectual Dark Web,#1453 – Eric Weinstein
764,Intellectual Dark Web,#1320 – Eric Weinstein
765,Intellectual Dark Web,#1276 – Ben Shapiro
766,Intellectual Dark Web,#1222 – Michael Shermer
767,Intellectual Dark Web,#1208 – Jordan Peterson
768,Intellectual Dark Web,#1203 – Eric Weinstein
769,Intellectual Dark Web,#1147 – Debra Soh
770,Intellectual Dark Web,#1139 – Jordan Peterson
771,Intellectual Dark Web,#1131 – Dave Rubin
772,Intellectual Dark Web,#1107 – Sam Harris & Maajid Nawaz
773,Intellectual Dark Web,#1084 – Douglas Murray
774,Intellectual Dark Web,#1081 – Bret Weinstein & Heather Heying
775,Intellectual Dark Web,#1073 – Steven Pinker
776,Intellectual Dark Web,#1070 – Jordan Peterson
777,Intellectual Dark Web,#1068 – Michael Shermer
778,Intellectual Dark Web,#1055 – Bret Weinstein
779,Intellectual Dark Web,#1022 – Eric Weinstein
780,Intellectual Dark Web,"#1006 – Jordan Peterson, Bret Weinstein"
781,Intellectual Dark Web,#993 – Ben Shapiro
782,Intellectual Dark Web,#970 – Bret Weinstein
783,Intellectual Dark Web,"#961 – Graham Hancock, Randall Carlson, Michael Shermer"
784,Intellectual Dark Web,#958 – Jordan Peterson
785,Intellectual Dark Web,"#940 – Sam Harris, Dan Harris"
786,Intellectual Dark Web,#877 – Jordan Peterson
787,Intellectual Dark Web,#846 – Michael Shermer
788,Journalists,#1510 – George Knapp & Jeremy Corbell
789,Journalists,#1509 – Abigail Shrier
790,Journalists,#1506 – James Nestor
791,Journalists,#1459 – Tom O’Neill
792,Journalists,#1437 – Stephen Dubner
793,Journalists,JRE MMA Show #91 – Radio Rahim
794,Journalists,#1423 – Andrew Doyle
795,Journalists,#1386 – Matt Taibbi
796,Journalists,#1383 – Malcolm Gladwell
797,Journalists,#1379 – Ben Westhoff
798,Journalists,#1316 – Abby Martin
799,Journalists,#1299 – Annie Jacobsen
800,Journalists,#1266 – Ben Anderson
801,Journalists,#1259 – David Wallace-Wells
802,Journalists,#1253 – Ioan Grillo
803,Journalists,#1250 – Johann Hari
804,Journalists,#1246 – Alex Berenson & Dr. Michael Hart
805,Journalists,#1149 – Michael Scott Moore
806,Journalists,#1136 – Hamilton Morris
807,Journalists,#1114 – Matt Taibbi
808,Journalists,#1095 – T.J. English & Joey Diaz
809,Journalists,#1084 – Douglas Murray
810,Journalists,#1077 – Johann Hari
811,Journalists,#1058 – Nina Teicholz
812,Journalists,#950 – Abby Martin
813,Journalists,#905 – Shane Smith
814,Lawyers,#1521 – Josh Dubin & Jason Flom
815,Lawyers,#1500 – Barbara Freese
816,Lawyers,#1442 – Shannon O’Loughlin
817,Lawyers,"#1258 – Jack Dorsey, Vijaya Gadde & Tim Pool"
818,Lawyers,#1214 – Lawrence Lessig
819,Lawyers,#1064 – Eddie Huang & Jessica Rosenworcel
820,Magicians,#1527 – David Blaine
821,Magicians,#1343 – Penn Jillette
822,Magicians,#1198 – Derren Brown
823,Magicians,#1163 – Banachek
824,Mathematicians,#1501 – James Lindsay
825,Mathematicians,#1453 – Eric Weinstein
826,Mathematicians,#1428 – Brian Greene
827,Mathematicians,#1320 – Eric Weinstein
828,Mathematicians,#1216 – Sir Roger Penrose
829,Mathematicians,#1203 – Eric Weinstein
830,Mathematicians,#1191 – Peter Boghossian & James Lindsay
831,Mathematicians,#1022 – Eric Weinstein
832,Mentalists,#1198 – Derren Brown
833,Mentalists,#1163 – Banachek
834,Military Veterans,#1499 – Aron Snyder
835,Military Veterans,#1492 – Jocko Willink
836,Military Veterans,#1467 – Jack Carr
837,Military Veterans,#1454 – Dan Crenshaw
838,Military Veterans,#1445 – Andy Stumpf
839,Military Veterans,#1434 – Trevor Thompson
840,Military Veterans,#1391 – Tulsi Gabbard & Jocko Willink
841,Military Veterans,#1363 – Dakota Meyer
842,Military Veterans,#1361 – Cmdr. David Fravor & Jeremy Corbell
843,Military Veterans,#1337 – Dan Crenshaw
844,Military Veterans,#1291 – C.T. Fletcher
845,Military Veterans,#1262 – Pat McNamara
846,Military Veterans,#1247 – Andy Stumpf
847,Military Veterans,#1212 – David Goggins
848,Military Veterans,#1170 – Tulsi Gabbard
849,Military Veterans,#1047 – Andy Stumpf
850,Military Veterans,#962 – Jocko Willink
851,Military Veterans,#858 – Jesse Ventura
852,Mixed Martial Artists,#1503 – Josh Barnett
853,Mixed Martial Artists,#1497 – Joe Schilling
854,Mixed Martial Artists,JRE MMA Show #97 – Henry Cejudo
855,Mixed Martial Artists,JRE MMA #96 – Justin Gaethje & Trevor Wittman
856,Mixed Martial Artists,"Fight Companion – May 16, 2020"
857,Mixed Martial Artists,JRE MMA #95 – Brendan Schaub
858,Mixed Martial Artists,JRE MMA Show #94 – Brendan Schaub
859,Mixed Martial Artists,"Fight Companion – March 14, 2020"
860,Mixed Martial Artists,JRE MMA Show #93 – Alexander Volkanovski
861,Mixed Martial Artists,"Fight Companion – February 22, 2020"
862,Mixed Martial Artists,JRE MMA Show #92 – Angela Hill
863,Mixed Martial Artists,JRE MMA Show #90 – Rashad Evans
864,Mixed Martial Artists,JRE MMA Show #89 – Rafael Lovato Jr
865,Mixed Martial Artists,JRE MMA Show #88 – Frankie Edgar
866,Mixed Martial Artists,JRE MMA Show #87 – Kamaru Usman
867,Mixed Martial Artists,JRE MMA Show #86 – Josh Thomson
868,Mixed Martial Artists,"Fight Companion – January 9, 2020"
869,Mixed Martial Artists,JRE MMA Show #85 – Max Holloway
870,Mixed Martial Artists,#1393 – James Wilks & Chris Kresser – The Game Changers Debate
871,Mixed Martial Artists,JRE MMA Show #84 – Brendan Schaub
872,Mixed Martial Artists,JRE MMA Show #82 – Israel Adesanya
873,Mixed Martial Artists,#1374 – Justin Wren
874,Mixed Martial Artists,JRE MMA Show #81 – Dave Leduc
875,Mixed Martial Artists,Fight Companion – UFC 242
876,Mixed Martial Artists,JRE MMA Show #75 – Dan Hardy
877,Mixed Martial Artists,JRE MMA Show #74 – Brendan Schaub
878,Mixed Martial Artists,JRE MMA Show #70 – Aljamain Sterling
879,Mixed Martial Artists,#1304 – Brendan Schaub
880,Mixed Martial Artists,JRE MMA Show #65 – Corey Anderson
881,Mixed Martial Artists,JRE MMA Show #64 – Khalil Rountree Jr.
882,Mixed Martial Artists,"JRE MMA Show #60 – Forrest Griffin, Clint Wattenberg & Dr. Duncan French"
883,Mixed Martial Artists,Fight Companion – UFC on ESPN 1
884,Mixed Martial Artists,JRE MMA Show #50 – Yves Edwards
885,Mixed Martial Artists,Fight Companion – UFC Fight Night 141
886,Mixed Martial Artists,Fight Companion – UFC Fight Night 139
887,Mixed Martial Artists,JRE MMA Show #45 – Justin Wren & Rafael Lovato Jr.
888,Mixed Martial Artists,JRE MMA Show #43 – Brendan Schaub
889,Mixed Martial Artists,JRE MMA Show #36 – Brendan Schaub & Bryan Callen
890,Mixed Martial Artists,JRE MMA Show #34 – Josh Barnett
891,Mixed Martial Artists,#1132 – Kyle Kingsbury
892,Mixed Martial Artists,JRE MMA Show #30 – Sean O’Malley & Tim Welch
893,Mixed Martial Artists,Fight Companion – UFC Fight Night 130
894,Mixed Martial Artists,JRE MMA Show #28 – Georges St-Pierre
895,Mixed Martial Artists,JRE MMA Show #27 – Robin Black
896,Mixed Martial Artists,JRE MMA Show #25 – Michael Chandler
897,Mixed Martial Artists,JRE MMA Show #24 – Kevin Lee
898,Mixed Martial Artists,JRE MMA Show #22 – Bas Rutten
899,Mixed Martial Artists,JRE MMA Show #21 – Brendan Schaub
900,Mixed Martial Artists,JRE MMA Show #18 – Pat Miletich
901,Mixed Martial Artists,JRE MMA Show #14 – Matt Brown
902,Mixed Martial Artists,JRE MMA Show #13 – Rose Namajunas & Pat Barry
903,Mixed Martial Artists,JRE MMA Show #12 – Ben Askren
904,Mixed Martial Artists,JRE MMA Show #7 – Brendan Schaub & Bryan Callen
905,Mixed Martial Artists,JRE MMA Show #4 – Justin Wren
906,Mixed Martial Artists,#1012 – Brendan Schaub
907,Mixed Martial Artists,"#948 – Brendan Schaub, Eddie Bravo"
908,Mixed Martial Artists,#937 – Justin Wren
909,Mixed Martial Artists,#916 – Fight Recap
910,Mixed Martial Artists,"#890 – Fight Breakdown w/ Eddie Bravo, Brendan Schaub"
911,Mixed Martial Artists,"#864 – Kevin Ross, Gaston Bolanos"
912,MMA Trainers/Coaches,JRE MMA #96 – Justin Gaethje & Trevor Wittman
913,MMA Trainers/Coaches,JRE MMA Show #83 – Firas Zahabi
914,MMA Trainers/Coaches,JRE MMA Show #73 – Jean Jacques Machado
915,MMA Trainers/Coaches,#1308 – Eddie Bravo
916,MMA Trainers/Coaches,JRE MMA Show #40 – Eddie Bravo
917,MMA Trainers/Coaches,JRE MMA Show #32 – Firas Zahabi
918,MMA Trainers/Coaches,JRE MMA Show #22 – Bas Rutten
919,MMA Trainers/Coaches,JRE MMA Show #18 – Pat Miletich
920,MMA Trainers/Coaches,JRE MMA Show #11 – John Danaher
921,MMA Trainers/Coaches,JRE MMA Show #6 – Eddie Bravo
922,MMA Trainers/Coaches,#991 – Eddie Bravo
923,MMA Trainers/Coaches,#981 – Josh Barnett
924,MMA Trainers/Coaches,"#948 – Brendan Schaub, Eddie Bravo"
925,MMA Trainers/Coaches,#916 – Fight Recap
926,MMA Trainers/Coaches,"#890 – Fight Breakdown w/ Eddie Bravo, Brendan Schaub"
927,MMA Trainers/Coaches,"#864 – Kevin Ross, Gaston Bolanos"
928,Musicians,#1516 – Post Malone
929,Musicians,#1486 – Honeyhoney
930,Musicians,#1484 – Reggie Watts
931,Musicians,#1435 – Suzanne Santo & Gary Clark Jr.
932,Musicians,#1430 – Raghunath Cappo
933,Musicians,#1419 – Daryl Davis
934,Musicians,#1398 – Lil Duval
935,Musicians,#1387 – Josh Homme
936,Musicians,#1382 – RZA & Donnell Rawlings
937,Musicians,#1356 – Sturgill Simpson & His Band
938,Musicians,#1354 – The Black Keys
939,Musicians,#1353 – Rob Zombie
940,Musicians,#1345 – Steve Aoki
941,Musicians,#1339 – Everlast
942,Musicians,#1326 – Maynard James Keenan
943,Musicians,#1322 – Reggie Watts
944,Musicians,#1256 – David Lee Roth
945,Musicians,#1180 – Everlast
946,Musicians,#1157 – Shooter Jennings
947,Musicians,#1155 – Henry Rollins
948,Musicians,#1152 – John Joseph
949,Musicians,#1138 – Ted Nugent
950,Musicians,#1116 – Steven Tyler
951,Musicians,#1100 – Liz Phair
952,Musicians,#1087 – Sturgill Simpson
953,Musicians,#1049 – Chris Stapleton
954,Musicians,#1029 – Tom DeLonge
955,Musicians,#1015 – Reggie Watts
956,Musicians,#986 – Maynard James Keenan
957,Musicians,#982 – Honey Honey
958,Musicians,#964 – Everlast
959,Musicians,#953 – Shirley Manson
960,Musicians,#906 – Henry Rollins
961,PhDs,#1520 – Debra Soh
962,PhDs,#1515 – Dr. Bradley Garrett
963,PhDs,#1513 – Andrew Huberman
964,PhDs,#1504 – Alan Levinovitz
965,PhDs,#1494 – Bret Weinstein
966,PhDs,#1474 – Dr. Rhonda Patrick
967,PhDs,#1456 – Michael Shermer
968,PhDs,#1455 – Lex Fridman
969,PhDs,#1453 – Eric Weinstein
970,PhDs,#1451 – Dr. Peter Hotez
971,PhDs,#1439 – Michael Osterholm
972,PhDs,#1432 – Aubrey de Grey
973,PhDs,#1428 – Brian Greene
974,PhDs,#1425 – Garrett Reisman
975,PhDs,#1422 – Lex Fridman
976,PhDs,#1369 – Christopher Ryan
977,PhDs,#1352 – Sean Carroll
978,PhDs,#1349 – David Sinclair
979,PhDs,#1347 – Neil deGrasse Tyson
980,PhDs,#1344 – Joseph LeDoux
981,PhDs,#1320 – Eric Weinstein
982,PhDs,#1294 – Jamie Metzl
983,PhDs,#1292 – Lex Fridman
984,PhDs,"JRE MMA Show #60 – Forrest Griffin, Clint Wattenberg & Dr. Duncan French"
985,PhDs,#1267 – Gary Taubes & Stephan Guyenet
986,PhDs,#1261 – Peter Hotez
987,PhDs,#1254 – Dr. Phil
988,PhDs,#1234 – David Sinclair
989,PhDs,#1233 – Brian Cox
990,PhDs,#1222 – Michael Shermer
991,PhDs,#1218 – Gad Saad
992,PhDs,#1216 – Sir Roger Penrose
993,PhDs,#1211 – Dr. Ben Goertzel
994,PhDs,#1208 – Jordan Peterson
995,PhDs,#1203 – Eric Weinstein
996,PhDs,#1201 – William von Hippel
997,PhDs,#1188 – Lex Fridman
998,PhDs,#1178 – Dr. Rhonda Patrick
999,PhDs,#1176 – Dom D’Agostino & Dr. Layne Norton
1000,PhDs,#1173 – Geoffrey Miller
1001,PhDs,#1159 – Neil deGrasse Tyson
1002,PhDs,#1151 – Sean Carroll
1003,PhDs,#1147 – Debra Soh
1004,PhDs,#1139 – Jordan Peterson
1005,PhDs,#1133 – Dennis McKenna
1006,PhDs,#1130 – Adam Frank
1007,PhDs,#1109 – Matthew Walker
1008,PhDs,#1107 – Sam Harris & Maajid Nawaz
1009,PhDs,#1099 – Christopher Ryan
1010,PhDs,#1081 – Bret Weinstein & Heather Heying
1011,PhDs,#1073 – Steven Pinker
1012,PhDs,#1070 – Jordan Peterson
1013,PhDs,#1068 – Michael Shermer
1014,PhDs,JRE MMA Show #11 – John Danaher
1015,PhDs,#1055 – Bret Weinstein
1016,PhDs,#1051 – Duncan Trussell & Christopher Ryan
1017,PhDs,#1022 – Eric Weinstein
1018,PhDs,"#1006 – Jordan Peterson, Bret Weinstein"
1019,PhDs,#1003 – Sean Carroll
1020,PhDs,#996 – Dr. Andy Galpin
1021,PhDs,#994 – Dom D’Agostino
1022,PhDs,#985 – Gad Saad
1023,PhDs,#970 – Bret Weinstein
1024,PhDs,"#961 – Graham Hancock, Randall Carlson, Michael Shermer"
1025,PhDs,#958 – Jordan Peterson
1026,PhDs,#946 – Dennis McKenna
1027,PhDs,"#940 – Sam Harris, Dan Harris"
1028,PhDs,#938 – Lawrence Krauss
1029,PhDs,#930 – Will MacAskill
1030,PhDs,#919 – Neil deGrasse Tyson
1031,PhDs,#913 – Christopher Ryan
1032,PhDs,#901 – Dr. Rhonda Patrick
1033,PhDs,#877 – Jordan Peterson
1034,PhDs,#846 – Michael Shermer
1035,Philosophers,#1350 – Nick Bostrom
1036,Philosophers,#1325 – Dr. Cornel West
1037,Philosophers,#1191 – Peter Boghossian & James Lindsay
1038,Political Commentators,#1520 – Debra Soh
1039,Political Commentators,#1519 – Mike Baker
1040,Political Commentators,#1512 – Ben Shapiro
1041,Political Commentators,#1485 – Krystal & Saagar
1042,Political Commentators,#1479 – David Pakman
1043,Political Commentators,#1465 – Tim Pool
1044,Political Commentators,#1423 – Andrew Doyle
1045,Political Commentators,#1415 – Bari Weiss
1046,Political Commentators,#1414 – Mike Baker
1047,Political Commentators,#1413 – Bill Maher
1048,Political Commentators,#1412 – Jimmy Dore
1049,Political Commentators,#1407 – Michael Malice
1050,Political Commentators,#1386 – Matt Taibbi
1051,Political Commentators,#1373 – Kyle Kulinski
1052,Political Commentators,#1327 – Mike Baker
1053,Political Commentators,#1311 – David Pakman
1054,Political Commentators,#1300 – Michael Malice
1055,Political Commentators,#1276 – Ben Shapiro
1056,Political Commentators,"#1258 – Jack Dorsey, Vijaya Gadde & Tim Pool"
1057,Political Commentators,#1228 – Bari Weiss
1058,Political Commentators,#1226 – Mike Baker
1059,Political Commentators,#1197 – Michael Malice
1060,Political Commentators,#1156 – Jimmy Dore
1061,Political Commentators,#1131 – Dave Rubin
1062,Political Commentators,#1125 – Candace Owens
1063,Political Commentators,#1114 – Matt Taibbi
1064,Political Commentators,#1085 – Kyle Kulinski
1065,Political Commentators,#1078 – Jimmy Dore
1066,Political Commentators,#1071 – Steven Crowder & NotGay Jared
1067,Political Commentators,#1041 – Dan Carlin
1068,Political Commentators,#1001 – Mike Baker
1069,Political Commentators,#993 – Ben Shapiro
1070,Political Commentators,#979 – Sargon of Akkad
1071,Political Commentators,#963 – Michael Malice
1072,Political Commentators,#950 – Abby Martin
1073,Political Commentators,#920 – Gavin McInnes
1074,Political Commentators,#917 – Steven Crowder
1075,Political Commentators,#874 – Scott Adams
1076,Political Commentators,#847 – Dan Carlin
1077,Politicians,#1454 – Dan Crenshaw
1078,Politicians,#1391 – Tulsi Gabbard & Jocko Willink
1079,Politicians,#1337 – Dan Crenshaw
1080,Politicians,#1330 – Bernie Sanders
1081,Politicians,#1245 – Andrew Yang
1082,Politicians,#1170 – Tulsi Gabbard
1083,Politicians,#858 – Jesse Ventura
1084,Professional Wrestlers,#1503 – Josh Barnett
1085,Professional Wrestlers,#1166 – Diamond Dallas Page
1086,Professional Wrestlers,#858 – Jesse Ventura
1087,Professors,#1517 – Nancy Panza
1088,Professors,#1513 – Andrew Huberman
1089,Professors,#1504 – Alan Levinovitz
1090,Professors,#1451 – Dr. Peter Hotez
1091,Professors,#1439 – Michael Osterholm
1092,Professors,#1428 – Brian Greene
1093,Professors,#1425 – Garrett Reisman
1094,Professors,#1352 – Sean Carroll
1095,Professors,#1350 – Nick Bostrom
1096,Professors,#1349 – David Sinclair
1097,Professors,#1344 – Joseph LeDoux
1098,Professors,#1325 – Dr. Cornel West
1099,Professors,#1274 – Nicholas Christakis
1100,Professors,#1264 – Timothy Denevi
1101,Professors,#1261 – Peter Hotez
1102,Professors,#1234 – David Sinclair
1103,Professors,#1233 – Brian Cox
1104,Professors,#1221 – Jonathan Haidt
1105,Professors,#1218 – Gad Saad
1106,Professors,#1214 – Lawrence Lessig
1107,Professors,#1208 – Jordan Peterson
1108,Professors,#1201 – William von Hippel
1109,Professors,#1191 – Peter Boghossian & James Lindsay
1110,Professors,#1173 – Geoffrey Miller
1111,Professors,#1151 – Sean Carroll
1112,Professors,#1139 – Jordan Peterson
1113,Professors,#1130 – Adam Frank
1114,Professors,#1124 – Robert Schoch
1115,Professors,#1081 – Bret Weinstein & Heather Heying
1116,Professors,#1070 – Jordan Peterson
1117,Professors,"#1006 – Jordan Peterson, Bret Weinstein"
1118,Professors,#1003 – Sean Carroll
1119,Professors,#985 – Gad Saad
1120,Professors,#958 – Jordan Peterson
1121,Professors,#938 – Lawrence Krauss
1122,Professors,#877 – Jordan Peterson
1123,Psychedelic Explorers,#1530 – Duncan Trussell
1124,Psychedelic Explorers,#1464 – Duncan Trussell
1125,Psychedelic Explorers,#1444 – Duncan Trussell
1126,Psychedelic Explorers,#1385 – Paul Stamets
1127,Psychedelic Explorers,#1313 – Duncan Trussell
1128,Psychedelic Explorers,#1303 – Tommy Chong
1129,Psychedelic Explorers,#1284 – Graham Hancock
1130,Psychedelic Explorers,#1227 – Mike Tyson
1131,Psychedelic Explorers,#1137 – Duncan Trussell
1132,Psychedelic Explorers,#1136 – Hamilton Morris
1133,Psychedelic Explorers,#1133 – Dennis McKenna
1134,Psychedelic Explorers,#1132 – Kyle Kingsbury
1135,Psychedelic Explorers,#1121 – Michael Pollan
1136,Psychedelic Explorers,#1075 – Duncan Trussell
1137,Psychedelic Explorers,#1051 – Duncan Trussell & Christopher Ryan
1138,Psychedelic Explorers,#1035 – Paul Stamets
1139,Psychedelic Explorers,"#961 – Graham Hancock, Randall Carlson, Michael Shermer"
1140,Psychedelic Explorers,#946 – Dennis McKenna
1141,Psychedelic Explorers,#891 – Zach Leary
1142,Psychedelic Explorers,#878 – Aubrey Marcus
1143,Psychedelic Explorers,"#872 – Graham Hancock, Randall Carlson"
1144,Psychedelic Explorers,#863 – Duncan Trussell
1145,Psychologists,#1517 – Nancy Panza
1146,Psychologists,#1369 – Christopher Ryan
1147,Psychologists,#1254 – Dr. Phil
1148,Psychologists,#1221 – Jonathan Haidt
1149,Psychologists,#1218 – Gad Saad
1150,Psychologists,#1208 – Jordan Peterson
1151,Psychologists,#1173 – Geoffrey Miller
1152,Psychologists,#1139 – Jordan Peterson
1153,Psychologists,#1099 – Christopher Ryan
1154,Psychologists,#1070 – Jordan Peterson
1155,Psychologists,#1051 – Duncan Trussell & Christopher Ryan
1156,Psychologists,"#1006 – Jordan Peterson, Bret Weinstein"
1157,Psychologists,#985 – Gad Saad
1158,Psychologists,#958 – Jordan Peterson
1159,Psychologists,#913 – Christopher Ryan
1160,Psychologists,#877 – Jordan Peterson
1161,Race Car Drivers,#1196 – Dale Earnhardt Jr.
1162,Race Car Drivers,#1065 – Danica Patrick
1163,Rappers,#1382 – RZA & Donnell Rawlings
1164,Rappers,#1346 – Zuby
1165,Rappers,#1339 – Everlast
1166,Rappers,#1306 – Wiz Khalifa
1167,Rappers,#1285 – B-Real
1168,Rappers,#1230 – Killer Mike
1169,Rappers,#1180 – Everlast
1170,Rappers,#1174 – Vinnie Paz
1171,Rappers,#964 – Everlast
1172,Scientists,#1513 – Andrew Huberman
1173,Scientists,#1494 – Bret Weinstein
1174,Scientists,#1474 – Dr. Rhonda Patrick
1175,Scientists,#1455 – Lex Fridman
1176,Scientists,#1453 – Eric Weinstein
1177,Scientists,#1451 – Dr. Peter Hotez
1178,Scientists,#1439 – Michael Osterholm
1179,Scientists,#1432 – Aubrey de Grey
1180,Scientists,#1428 – Brian Greene
1181,Scientists,#1425 – Garrett Reisman
1182,Scientists,#1422 – Lex Fridman
1183,Scientists,#1385 – Paul Stamets
1184,Scientists,#1366 – Richard Dawkins
1185,Scientists,#1352 – Sean Carroll
1186,Scientists,#1349 – David Sinclair
1187,Scientists,#1347 – Neil deGrasse Tyson
1188,Scientists,#1344 – Joseph LeDoux
1189,Scientists,#1320 – Eric Weinstein
1190,Scientists,#1315 – Bob Lazar & Jeremy Corbell
1191,Scientists,#1292 – Lex Fridman
1192,Scientists,#1274 – Nicholas Christakis
1193,Scientists,#1267 – Gary Taubes & Stephan Guyenet
1194,Scientists,#1261 – Peter Hotez
1195,Scientists,#1234 – David Sinclair
1196,Scientists,#1233 – Brian Cox
1197,Scientists,#1216 – Sir Roger Penrose
1198,Scientists,#1211 – Dr. Ben Goertzel
1199,Scientists,#1203 – Eric Weinstein
1200,Scientists,#1188 – Lex Fridman
1201,Scientists,#1178 – Dr. Rhonda Patrick
1202,Scientists,#1176 – Dom D’Agostino & Dr. Layne Norton
1203,Scientists,#1159 – Neil deGrasse Tyson
1204,Scientists,#1151 – Sean Carroll
1205,Scientists,#1136 – Hamilton Morris
1206,Scientists,#1133 – Dennis McKenna
1207,Scientists,#1130 – Adam Frank
1208,Scientists,#1124 – Robert Schoch
1209,Scientists,#1109 – Matthew Walker
1210,Scientists,#1081 – Bret Weinstein & Heather Heying
1211,Scientists,#1073 – Steven Pinker
1212,Scientists,#1055 – Bret Weinstein
1213,Scientists,#1035 – Paul Stamets
1214,Scientists,#1022 – Eric Weinstein
1215,Scientists,#1003 – Sean Carroll
1216,Scientists,#996 – Dr. Andy Galpin
1217,Scientists,#994 – Dom D’Agostino
1218,Scientists,#984 – Yvette d’Entremont
1219,Scientists,#970 – Bret Weinstein
1220,Scientists,#946 – Dennis McKenna
1221,Scientists,#938 – Lawrence Krauss
1222,Scientists,#919 – Neil deGrasse Tyson
1223,Scientists,#901 – Dr. Rhonda Patrick
1224,Scientists,#862 – Trevor Valle
1225,Astrophysicists,#1347 – Neil deGrasse Tyson
1226,Astrophysicists,#1159 – Neil deGrasse Tyson
1227,Astrophysicists,#1130 – Adam Frank
1228,Astrophysicists,#919 – Neil deGrasse Tyson
1229,Biologists,#1494 – Bret Weinstein
1230,Biologists,#1403 – Forrest Galante
1231,Biologists,#1366 – Richard Dawkins
1232,Biologists,#1349 – David Sinclair
1233,Biologists,#1240 – Forrest Galante
1234,Biologists,#1234 – David Sinclair
1235,Biologists,#1081 – Bret Weinstein & Heather Heying
1236,Biologists,#1055 – Bret Weinstein
1237,Biologists,"#1006 – Jordan Peterson, Bret Weinstein"
1238,Biologists,#970 – Bret Weinstein
1239,Cosmologists,#1352 – Sean Carroll
1240,Cosmologists,#1347 – Neil deGrasse Tyson
1241,Cosmologists,#1233 – Brian Cox
1242,Cosmologists,#1216 – Sir Roger Penrose
1243,Cosmologists,#1159 – Neil deGrasse Tyson
1244,Cosmologists,#1151 – Sean Carroll
1245,Cosmologists,#1130 – Adam Frank
1246,Cosmologists,#938 – Lawrence Krauss
1247,Cosmologists,#919 – Neil deGrasse Tyson
1248,Physicists,#1428 – Brian Greene
1249,Physicists,#1352 – Sean Carroll
1250,Physicists,#1347 – Neil deGrasse Tyson
1251,Physicists,#1233 – Brian Cox
1252,Physicists,#1216 – Sir Roger Penrose
1253,Physicists,#1159 – Neil deGrasse Tyson
1254,Physicists,#1151 – Sean Carroll
1255,Physicists,#1130 – Adam Frank
1256,Physicists,#1003 – Sean Carroll
1257,Physicists,#938 – Lawrence Krauss
1258,Physicists,#919 – Neil deGrasse Tyson
1259,Skeptics,#1456 – Michael Shermer
1260,Skeptics,#1308 – Eddie Bravo
1261,Skeptics,#1255 – Alex Jones Returns!
1262,Skeptics,#1222 – Michael Shermer
1263,Skeptics,JRE MMA Show #40 – Eddie Bravo
1264,Skeptics,#1068 – Michael Shermer
1265,Skeptics,JRE MMA Show #6 – Eddie Bravo
1266,Skeptics,#1052 – Mick West
1267,Skeptics,#991 – Eddie Bravo
1268,Skeptics,"#961 – Graham Hancock, Randall Carlson, Michael Shermer"
1269,Skeptics,#959 – Mick West
1270,Skeptics,"#948 – Brendan Schaub, Eddie Bravo"
1271,Skeptics,"#890 – Fight Breakdown w/ Eddie Bravo, Brendan Schaub"
1272,Skeptics,#846 – Michael Shermer
1273,"
",#1456 – Michael Shermer
1274,"
",#1308 – Eddie Bravo
1275,"
",#1255 – Alex Jones Returns!
1276,"
",#1222 – Michael Shermer
1277,"
",JRE MMA Show #40 – Eddie Bravo
1278,"
",#1068 – Michael Shermer
1279,"
",JRE MMA Show #6 – Eddie Bravo
1280,"
",#1052 – Mick West
1281,"
",#991 – Eddie Bravo
1282,"
","#961 – Graham Hancock, Randall Carlson, Michael Shermer"
1283,"
",#959 – Mick West
1284,"
","#948 – Brendan Schaub, Eddie Bravo"
1285,"
","#890 – Fight Breakdown w/ Eddie Bravo, Brendan Schaub"
1286,"
",#846 – Michael Shermer
1287,,#1456 – Michael Shermer
1288,,#1308 – Eddie Bravo
1289,,#1255 – Alex Jones Returns!
1290,,#1222 – Michael Shermer
1291,,JRE MMA Show #40 – Eddie Bravo
1292,,#1068 – Michael Shermer
1293,,JRE MMA Show #6 – Eddie Bravo
1294,,#1052 – Mick West
1295,,#991 – Eddie Bravo
1296,,"#961 – Graham Hancock, Randall Carlson, Michael Shermer"
1297,,#959 – Mick West
1298,,"#948 – Brendan Schaub, Eddie Bravo"
1299,,"#890 – Fight Breakdown w/ Eddie Bravo, Brendan Schaub"
1300,,#846 – Michael Shermer
1301,TV Hosts,#1519 – Mike Baker
1302,TV Hosts,#1507 – Bob Saget
1303,TV Hosts,#1498 – Jon Stewart
1304,TV Hosts,#1413 – Bill Maher
1305,TV Hosts,#1403 – Forrest Galante
1306,TV Hosts,#1343 – Penn Jillette
1307,TV Hosts,#1341 – Steven Rinella
1308,TV Hosts,#1329 – Brian Moses
1309,TV Hosts,#1316 – Abby Martin
1310,TV Hosts,#1314 – Charlamagne tha God & Andrew Schulz
1311,TV Hosts,#1282 – Adam Conover
1312,TV Hosts,#1281 – Tom Papa
1313,TV Hosts,#1265 – Andrew Schulz
1314,TV Hosts,#1240 – Forrest Galante
1315,TV Hosts,#1210 – Tom Papa
1316,TV Hosts,#1204 – Steven Rinella
1317,TV Hosts,#1198 – Derren Brown
1318,TV Hosts,#1165 – Tom Papa
1319,TV Hosts,#1136 – Hamilton Morris
1320,TV Hosts,#1129 – Tom Papa
1321,TV Hosts,#1106 – Colion Noir
1322,TV Hosts,#1062 – Dan Harris & Jeff Warren
1323,TV Hosts,#1061 – Tom Papa
1324,TV Hosts,#1011 – Tom Papa
1325,TV Hosts,#971 – Steven Rinella
1326,TV Hosts,#966 – Tom Papa
1327,TV Hosts,#950 – Abby Martin
1328,TV Hosts,#949 – Josh Zepps
1329,TV Hosts,#927 – Tom Papa
1330,TV Hosts,#882 – Tom Papa
1331,TV Hosts,#881 – Lee Camp
1332,TV Hosts,#879 – Steven Rinella
1333,TV Hosts,#138 – Anthony Bourdain
1334,"
",#1519 – Mike Baker
1335,"
",#1507 – Bob Saget
1336,"
",#1498 – Jon Stewart
1337,"
",#1413 – Bill Maher
1338,"
",#1403 – Forrest Galante
1339,"
",#1343 – Penn Jillette
1340,"
",#1341 – Steven Rinella
1341,"
",#1329 – Brian Moses
1342,"
",#1316 – Abby Martin
1343,"
",#1314 – Charlamagne tha God & Andrew Schulz
1344,"
",#1282 – Adam Conover
1345,"
",#1281 – Tom Papa
1346,"
",#1265 – Andrew Schulz
1347,"
",#1240 – Forrest Galante
1348,"
",#1210 – Tom Papa
1349,"
",#1204 – Steven Rinella
1350,"
",#1198 – Derren Brown
1351,"
",#1165 – Tom Papa
1352,"
",#1136 – Hamilton Morris
1353,"
",#1129 – Tom Papa
1354,"
",#1106 – Colion Noir
1355,"
",#1062 – Dan Harris & Jeff Warren
1356,"
",#1061 – Tom Papa
1357,"
",#1011 – Tom Papa
1358,"
",#971 – Steven Rinella
1359,"
",#966 – Tom Papa
1360,"
",#950 – Abby Martin
1361,"
",#949 – Josh Zepps
1362,"
",#927 – Tom Papa
1363,"
",#882 – Tom Papa
1364,"
",#881 – Lee Camp
1365,"
",#879 – Steven Rinella
1366,"
",#138 – Anthony Bourdain
1367,,#1519 – Mike Baker
1368,,#1507 – Bob Saget
1369,,#1498 – Jon Stewart
1370,,#1413 – Bill Maher
1371,,#1403 – Forrest Galante
1372,,#1343 – Penn Jillette
1373,,#1341 – Steven Rinella
1374,,#1329 – Brian Moses
1375,,#1316 – Abby Martin
1376,,#1314 – Charlamagne tha God & Andrew Schulz
1377,,#1282 – Adam Conover
1378,,#1281 – Tom Papa
1379,,#1265 – Andrew Schulz
1380,,#1240 – Forrest Galante
1381,,#1210 – Tom Papa
1382,,#1204 – Steven Rinella
1383,,#1198 – Derren Brown
1384,,#1165 – Tom Papa
1385,,#1136 – Hamilton Morris
1386,,#1129 – Tom Papa
1387,,#1106 – Colion Noir
1388,,#1062 – Dan Harris & Jeff Warren
1389,,#1061 – Tom Papa
1390,,#1011 – Tom Papa
1391,,#971 – Steven Rinella
1392,,#966 – Tom Papa
1393,,#950 – Abby Martin
1394,,#949 – Josh Zepps
1395,,#927 – Tom Papa
1396,,#882 – Tom Papa
1397,,#881 – Lee Camp
1398,,#879 – Steven Rinella
1399,,#138 – Anthony Bourdain
1400,UFOs,#1510 – George Knapp & Jeremy Corbell
1401,UFOs,#1361 – Cmdr. David Fravor & Jeremy Corbell
1402,UFOs,#1351 – Dan Akroyd
1403,UFOs,#1315 – Bob Lazar & Jeremy Corbell
1404,UFOs,#1299 – Annie Jacobsen
1405,UFOs,#1029 – Tom DeLonge
1406,"
",#1510 – George Knapp & Jeremy Corbell
1407,"
",#1361 – Cmdr. David Fravor & Jeremy Corbell
1408,"
",#1351 – Dan Akroyd
1409,"
",#1315 – Bob Lazar & Jeremy Corbell
1410,"
",#1299 – Annie Jacobsen
1411,"
",#1029 – Tom DeLonge
1412,,#1510 – George Knapp & Jeremy Corbell
1413,,#1361 – Cmdr. David Fravor & Jeremy Corbell
1414,,#1351 – Dan Akroyd
1415,,#1315 – Bob Lazar & Jeremy Corbell
1416,,#1299 – Annie Jacobsen
1417,,#1029 – Tom DeLonge
1418,Writers,#1520 – Debra Soh
1419,Writers,#1515 – Dr. Bradley Garrett
1420,Writers,#1511 – Oliver Stone
1421,Writers,#1509 – Abigail Shrier
1422,Writers,#1475 – Bridget Phetasy
1423,Writers,#1456 – Michael Shermer
1424,Writers,#1427 – Melissa Chen
1425,Writers,#1415 – Bari Weiss
1426,Writers,#1370 – Brian Grazer
1427,Writers,#1367 – Bridget Phetasy
1428,Writers,#1351 – Dan Akroyd
1429,Writers,#1323 – Andy Ngo
1430,Writers,#1299 – Annie Jacobsen
1431,Writers,#1298 – Neal Brennan
1432,Writers,#1235 – Ben Greenfield
1433,Writers,#1228 – Bari Weiss
1434,Writers,#1222 – Michael Shermer
1435,Writers,#1215 – Ben O’Brien
1436,Writers,#1155 – Henry Rollins
1437,Writers,#1147 – Debra Soh
1438,Writers,#1120 – Ben Greenfield
1439,Writers,#1069 – Ben Greenfield
1440,Writers,#1068 – Michael Shermer
1441,Writers,#1053 – Neal Brennan
1442,Writers,#1020 – Amy Alkon
1443,Writers,#987 – Ben O’Brien
1444,Writers,"#961 – Graham Hancock, Randall Carlson, Michael Shermer"
1445,Writers,#906 – Henry Rollins
1446,Writers,#846 – Michael Shermer
1447,"
",#1520 – Debra Soh
1448,"
",#1515 – Dr. Bradley Garrett
1449,"
",#1511 – Oliver Stone
1450,"
",#1509 – Abigail Shrier
1451,"
",#1475 – Bridget Phetasy
1452,"
",#1456 – Michael Shermer
1453,"
",#1427 – Melissa Chen
1454,"
",#1415 – Bari Weiss
1455,"
",#1370 – Brian Grazer
1456,"
",#1367 – Bridget Phetasy
1457,"
",#1351 – Dan Akroyd
1458,"
",#1323 – Andy Ngo
1459,"
",#1299 – Annie Jacobsen
1460,"
",#1298 – Neal Brennan
1461,"
",#1235 – Ben Greenfield
1462,"
",#1228 – Bari Weiss
1463,"
",#1222 – Michael Shermer
1464,"
",#1215 – Ben O’Brien
1465,"
",#1155 – Henry Rollins
1466,"
",#1147 – Debra Soh
1467,"
",#1120 – Ben Greenfield
1468,"
",#1069 – Ben Greenfield
1469,"
",#1068 – Michael Shermer
1470,"
",#1053 – Neal Brennan
1471,"
",#1020 – Amy Alkon
1472,"
",#987 – Ben O’Brien
1473,"
","#961 – Graham Hancock, Randall Carlson, Michael Shermer"
1474,"
",#906 – Henry Rollins
1475,"
",#846 – Michael Shermer
1476,,#1520 – Debra Soh
1477,,#1515 – Dr. Bradley Garrett
1478,,#1511 – Oliver Stone
1479,,#1509 – Abigail Shrier
1480,,#1475 – Bridget Phetasy
1481,,#1456 – Michael Shermer
1482,,#1427 – Melissa Chen
1483,,#1415 – Bari Weiss
1484,,#1370 – Brian Grazer
1485,,#1367 – Bridget Phetasy
1486,,#1351 – Dan Akroyd
1487,,#1323 – Andy Ngo
1488,,#1299 – Annie Jacobsen
1489,,#1298 – Neal Brennan
1490,,#1235 – Ben Greenfield
1491,,#1228 – Bari Weiss
1492,,#1222 – Michael Shermer
1493,,#1215 – Ben O’Brien
1494,,#1155 – Henry Rollins
1495,,#1147 – Debra Soh
1496,,#1120 – Ben Greenfield
1497,,#1069 – Ben Greenfield
1498,,#1068 – Michael Shermer
1499,,#1053 – Neal Brennan
1500,,#1020 – Amy Alkon
1501,,#987 – Ben O’Brien
1502,,"#961 – Graham Hancock, Randall Carlson, Michael Shermer"
1503,,#906 – Henry Rollins
1504,,#846 – Michael Shermer
1505,YouTubers,#1496 – Colion Noir
1506,YouTubers,#1479 – David Pakman
1507,YouTubers,#1465 – Tim Pool
1508,YouTubers,JRE MMA Show #91 – Radio Rahim
1509,YouTubers,#1412 – Jimmy Dore
1510,YouTubers,#1373 – Kyle Kulinski
1511,YouTubers,#1311 – David Pakman
1512,YouTubers,"#1258 – Jack Dorsey, Vijaya Gadde & Tim Pool"
1513,YouTubers,#1156 – Jimmy Dore
1514,YouTubers,#1131 – Dave Rubin
1515,YouTubers,#1085 – Kyle Kulinski
1516,YouTubers,#1078 – Jimmy Dore
1517,YouTubers,#1071 – Steven Crowder & NotGay Jared
1518,YouTubers,#979 – Sargon of Akkad
1519,YouTubers,#917 – Steven Crowder
1520,"
",#1496 – Colion Noir
1521,"
",#1479 – David Pakman
1522,"
",#1465 – Tim Pool
1523,"
",JRE MMA Show #91 – Radio Rahim
1524,"
",#1412 – Jimmy Dore
1525,"
",#1373 – Kyle Kulinski
1526,"
",#1311 – David Pakman
1527,"
","#1258 – Jack Dorsey, Vijaya Gadde & Tim Pool"
1528,"
",#1156 – Jimmy Dore
1529,"
",#1131 – Dave Rubin
1530,"
",#1085 – Kyle Kulinski
1531,"
",#1078 – Jimmy Dore
1532,"
",#1071 – Steven Crowder & NotGay Jared
1533,"
",#979 – Sargon of Akkad
1534,"
",#917 – Steven Crowder
1535, ,#1496 – Colion Noir
1536, ,#1479 – David Pakman
1537, ,#1465 – Tim Pool
1538, ,JRE MMA Show #91 – Radio Rahim
1539, ,#1412 – Jimmy Dore
1540, ,#1373 – Kyle Kulinski
1541, ,#1311 – David Pakman
1542, ,"#1258 – Jack Dorsey, Vijaya Gadde & Tim Pool"
1543, ,#1156 – Jimmy Dore
1544, ,#1131 – Dave Rubin
1545, ,#1085 – Kyle Kulinski
1546, ,#1078 – Jimmy Dore
1547, ,#1071 – Steven Crowder & NotGay Jared
1548, ,#979 – Sargon of Akkad
1549, ,#917 – Steven Crowder
